"em","sector","year","proxy_file","proxybackup_file"
"BC","AGR",2015,"BC_2015_AGR","population_2015"
"BC","AGR",2020,"BC_2015_AGR","population_2015"
"BC","AGR",2030,"BC_2015_AGR","population_2015"
"BC","AGR",2040,"BC_2015_AGR","population_2015"
"BC","AGR",2050,"BC_2015_AGR","population_2015"
"BC","AGR",2060,"BC_2015_AGR","population_2015"
"BC","AGR",2070,"BC_2015_AGR","population_2015"
"BC","AGR",2080,"BC_2015_AGR","population_2015"
"BC","AGR",2090,"BC_2015_AGR","population_2015"
"BC","AGR",2100,"BC_2015_AGR","population_2015"
"BC","AWB",2015,"BC_2015_AWB","population_2015"
"BC","AWB",2020,"BC_2015_AWB","population_2015"
"BC","AWB",2030,"BC_2015_AWB","population_2015"
"BC","AWB",2040,"BC_2015_AWB","population_2015"
"BC","AWB",2050,"BC_2015_AWB","population_2015"
"BC","AWB",2060,"BC_2015_AWB","population_2015"
"BC","AWB",2070,"BC_2015_AWB","population_2015"
"BC","AWB",2080,"BC_2015_AWB","population_2015"
"BC","AWB",2090,"BC_2015_AWB","population_2015"
"BC","AWB",2100,"BC_2015_AWB","population_2015"
"BC","FRTB",2015,"BC_2015_FRTB","population_2015"
"BC","FRTB",2020,"BC_2015_FRTB","population_2015"
"BC","FRTB",2030,"BC_2015_FRTB","population_2015"
"BC","FRTB",2040,"BC_2015_FRTB","population_2015"
"BC","FRTB",2050,"BC_2015_FRTB","population_2015"
"BC","FRTB",2060,"BC_2015_FRTB","population_2015"
"BC","FRTB",2070,"BC_2015_FRTB","population_2015"
"BC","FRTB",2080,"BC_2015_FRTB","population_2015"
"BC","FRTB",2090,"BC_2015_FRTB","population_2015"
"BC","FRTB",2100,"BC_2015_FRTB","population_2015"
"BC","GRSB",2015,"BC_2015_GRSB","population_2015"
"BC","GRSB",2020,"BC_2015_GRSB","population_2015"
"BC","GRSB",2030,"BC_2015_GRSB","population_2015"
"BC","GRSB",2040,"BC_2015_GRSB","population_2015"
"BC","GRSB",2050,"BC_2015_GRSB","population_2015"
"BC","GRSB",2060,"BC_2015_GRSB","population_2015"
"BC","GRSB",2070,"BC_2015_GRSB","population_2015"
"BC","GRSB",2080,"BC_2015_GRSB","population_2015"
"BC","GRSB",2090,"BC_2015_GRSB","population_2015"
"BC","GRSB",2100,"BC_2015_GRSB","population_2015"
"BC","PEAT",2015,"BC_2015_PEAT","population_2015"
"BC","PEAT",2020,"BC_2015_PEAT","population_2015"
"BC","PEAT",2030,"BC_2015_PEAT","population_2015"
"BC","PEAT",2040,"BC_2015_PEAT","population_2015"
"BC","PEAT",2050,"BC_2015_PEAT","population_2015"
"BC","PEAT",2060,"BC_2015_PEAT","population_2015"
"BC","PEAT",2070,"BC_2015_PEAT","population_2015"
"BC","PEAT",2080,"BC_2015_PEAT","population_2015"
"BC","PEAT",2090,"BC_2015_PEAT","population_2015"
"BC","PEAT",2100,"BC_2015_PEAT","population_2015"
"BC","IND",2015,"BC_2015_IND","population_2015"
"BC","IND",2020,"BC_2015_IND","population_2015"
"BC","IND",2030,"BC_2015_IND","population_2015"
"BC","IND",2040,"BC_2015_IND","population_2015"
"BC","IND",2050,"BC_2015_IND","population_2015"
"BC","IND",2060,"BC_2015_IND","population_2015"
"BC","IND",2070,"BC_2015_IND","population_2015"
"BC","IND",2080,"BC_2015_IND","population_2015"
"BC","IND",2090,"BC_2015_IND","population_2015"
"BC","IND",2100,"BC_2015_IND","population_2015"
"BC","RCO",2015,"BC_2015_RCO","population_2015"
"BC","RCO",2020,"BC_2015_RCO","population_2015"
"BC","RCO",2030,"BC_2015_RCO","population_2015"
"BC","RCO",2040,"BC_2015_RCO","population_2015"
"BC","RCO",2050,"BC_2015_RCO","population_2015"
"BC","RCO",2060,"BC_2015_RCO","population_2015"
"BC","RCO",2070,"BC_2015_RCO","population_2015"
"BC","RCO",2080,"BC_2015_RCO","population_2015"
"BC","RCO",2090,"BC_2015_RCO","population_2015"
"BC","RCO",2100,"BC_2015_RCO","population_2015"
"BC","AIR",2015,"BC_2015_AIR","population_2015"
"BC","AIR",2020,"BC_2015_AIR","population_2015"
"BC","AIR",2030,"BC_2015_AIR","population_2015"
"BC","AIR",2040,"BC_2015_AIR","population_2015"
"BC","AIR",2050,"BC_2015_AIR","population_2015"
"BC","AIR",2060,"BC_2015_AIR","population_2015"
"BC","AIR",2070,"BC_2015_AIR","population_2015"
"BC","AIR",2080,"BC_2015_AIR","population_2015"
"BC","AIR",2090,"BC_2015_AIR","population_2015"
"BC","AIR",2100,"BC_2015_AIR","population_2015"
"BC","TRA",2015,"BC_2015_TRA","population_2015"
"BC","TRA",2020,"BC_2015_TRA","population_2015"
"BC","TRA",2030,"BC_2015_TRA","population_2015"
"BC","TRA",2040,"BC_2015_TRA","population_2015"
"BC","TRA",2050,"BC_2015_TRA","population_2015"
"BC","TRA",2060,"BC_2015_TRA","population_2015"
"BC","TRA",2070,"BC_2015_TRA","population_2015"
"BC","TRA",2080,"BC_2015_TRA","population_2015"
"BC","TRA",2090,"BC_2015_TRA","population_2015"
"BC","TRA",2100,"BC_2015_TRA","population_2015"
"BC","SHP",2015,"BC_2015_SHP","population_2015"
"BC","SHP",2020,"BC_2020_SHP","population_2015"
"BC","SHP",2030,"BC_2030_SHP","population_2015"
"BC","SHP",2040,"BC_2040_SHP","population_2015"
"BC","SHP",2050,"BC_2050_SHP","population_2015"
"BC","SHP",2060,"BC_2050_SHP","population_2015"
"BC","SHP",2070,"BC_2050_SHP","population_2015"
"BC","SHP",2080,"BC_2050_SHP","population_2015"
"BC","SHP",2090,"BC_2050_SHP","population_2015"
"BC","SHP",2100,"BC_2050_SHP","population_2015"
"BC","ENE",2015,"BC_2015_ENE","population_2015"
"BC","ENE",2020,"BC_2015_ENE","population_2015"
"BC","ENE",2030,"BC_2015_ENE","population_2015"
"BC","ENE",2040,"BC_2015_ENE","population_2015"
"BC","ENE",2050,"BC_2015_ENE","population_2015"
"BC","ENE",2060,"BC_2015_ENE","population_2015"
"BC","ENE",2070,"BC_2015_ENE","population_2015"
"BC","ENE",2080,"BC_2015_ENE","population_2015"
"BC","ENE",2090,"BC_2015_ENE","population_2015"
"BC","ENE",2100,"BC_2015_ENE","population_2015"
"BC","SLV",2015,"BC_2015_SLV","population_2015"
"BC","SLV",2020,"BC_2015_SLV","population_2015"
"BC","SLV",2030,"BC_2015_SLV","population_2015"
"BC","SLV",2040,"BC_2015_SLV","population_2015"
"BC","SLV",2050,"BC_2015_SLV","population_2015"
"BC","SLV",2060,"BC_2015_SLV","population_2015"
"BC","SLV",2070,"BC_2015_SLV","population_2015"
"BC","SLV",2080,"BC_2015_SLV","population_2015"
"BC","SLV",2090,"BC_2015_SLV","population_2015"
"BC","SLV",2100,"BC_2015_SLV","population_2015"
"BC","WST",2015,"population_2015","population_2015"
"BC","WST",2020,"population_2015","population_2015"
"BC","WST",2030,"population_2015","population_2015"
"BC","WST",2040,"population_2015","population_2015"
"BC","WST",2050,"population_2015","population_2015"
"BC","WST",2060,"population_2015","population_2015"
"BC","WST",2070,"population_2015","population_2015"
"BC","WST",2080,"population_2015","population_2015"
"BC","WST",2090,"population_2015","population_2015"
"BC","WST",2100,"population_2015","population_2015"
"CH4","AGR",2015,"CH4_2015_AGR","population_2015"
"CH4","AGR",2020,"CH4_2015_AGR","population_2015"
"CH4","AGR",2030,"CH4_2015_AGR","population_2015"
"CH4","AGR",2040,"CH4_2015_AGR","population_2015"
"CH4","AGR",2050,"CH4_2015_AGR","population_2015"
"CH4","AGR",2060,"CH4_2015_AGR","population_2015"
"CH4","AGR",2070,"CH4_2015_AGR","population_2015"
"CH4","AGR",2080,"CH4_2015_AGR","population_2015"
"CH4","AGR",2090,"CH4_2015_AGR","population_2015"
"CH4","AGR",2100,"CH4_2015_AGR","population_2015"
"CH4","AWB",2015,"CH4_2015_AWB","population_2015"
"CH4","AWB",2020,"CH4_2015_AWB","population_2015"
"CH4","AWB",2030,"CH4_2015_AWB","population_2015"
"CH4","AWB",2040,"CH4_2015_AWB","population_2015"
"CH4","AWB",2050,"CH4_2015_AWB","population_2015"
"CH4","AWB",2060,"CH4_2015_AWB","population_2015"
"CH4","AWB",2070,"CH4_2015_AWB","population_2015"
"CH4","AWB",2080,"CH4_2015_AWB","population_2015"
"CH4","AWB",2090,"CH4_2015_AWB","population_2015"
"CH4","AWB",2100,"CH4_2015_AWB","population_2015"
"CH4","FRTB",2015,"CH4_2015_FRTB","population_2015"
"CH4","FRTB",2020,"CH4_2015_FRTB","population_2015"
"CH4","FRTB",2030,"CH4_2015_FRTB","population_2015"
"CH4","FRTB",2040,"CH4_2015_FRTB","population_2015"
"CH4","FRTB",2050,"CH4_2015_FRTB","population_2015"
"CH4","FRTB",2060,"CH4_2015_FRTB","population_2015"
"CH4","FRTB",2070,"CH4_2015_FRTB","population_2015"
"CH4","FRTB",2080,"CH4_2015_FRTB","population_2015"
"CH4","FRTB",2090,"CH4_2015_FRTB","population_2015"
"CH4","FRTB",2100,"CH4_2015_FRTB","population_2015"
"CH4","GRSB",2015,"CH4_2015_GRSB","population_2015"
"CH4","GRSB",2020,"CH4_2015_GRSB","population_2015"
"CH4","GRSB",2030,"CH4_2015_GRSB","population_2015"
"CH4","GRSB",2040,"CH4_2015_GRSB","population_2015"
"CH4","GRSB",2050,"CH4_2015_GRSB","population_2015"
"CH4","GRSB",2060,"CH4_2015_GRSB","population_2015"
"CH4","GRSB",2070,"CH4_2015_GRSB","population_2015"
"CH4","GRSB",2080,"CH4_2015_GRSB","population_2015"
"CH4","GRSB",2090,"CH4_2015_GRSB","population_2015"
"CH4","GRSB",2100,"CH4_2015_GRSB","population_2015"
"CH4","PEAT",2015,"CH4_2015_PEAT","population_2015"
"CH4","PEAT",2020,"CH4_2015_PEAT","population_2015"
"CH4","PEAT",2030,"CH4_2015_PEAT","population_2015"
"CH4","PEAT",2040,"CH4_2015_PEAT","population_2015"
"CH4","PEAT",2050,"CH4_2015_PEAT","population_2015"
"CH4","PEAT",2060,"CH4_2015_PEAT","population_2015"
"CH4","PEAT",2070,"CH4_2015_PEAT","population_2015"
"CH4","PEAT",2080,"CH4_2015_PEAT","population_2015"
"CH4","PEAT",2090,"CH4_2015_PEAT","population_2015"
"CH4","PEAT",2100,"CH4_2015_PEAT","population_2015"
"CH4","IND",2015,"CH4_2015_IND","population_2015"
"CH4","IND",2020,"CH4_2015_IND","population_2015"
"CH4","IND",2030,"CH4_2015_IND","population_2015"
"CH4","IND",2040,"CH4_2015_IND","population_2015"
"CH4","IND",2050,"CH4_2015_IND","population_2015"
"CH4","IND",2060,"CH4_2015_IND","population_2015"
"CH4","IND",2070,"CH4_2015_IND","population_2015"
"CH4","IND",2080,"CH4_2015_IND","population_2015"
"CH4","IND",2090,"CH4_2015_IND","population_2015"
"CH4","IND",2100,"CH4_2015_IND","population_2015"
"CH4","RCO",2015,"CH4_2015_RCO","population_2015"
"CH4","RCO",2020,"CH4_2015_RCO","population_2015"
"CH4","RCO",2030,"CH4_2015_RCO","population_2015"
"CH4","RCO",2040,"CH4_2015_RCO","population_2015"
"CH4","RCO",2050,"CH4_2015_RCO","population_2015"
"CH4","RCO",2060,"CH4_2015_RCO","population_2015"
"CH4","RCO",2070,"CH4_2015_RCO","population_2015"
"CH4","RCO",2080,"CH4_2015_RCO","population_2015"
"CH4","RCO",2090,"CH4_2015_RCO","population_2015"
"CH4","RCO",2100,"CH4_2015_RCO","population_2015"
"CH4","AIR",2015,"CH4_2015_AIR","population_2015"
"CH4","AIR",2020,"CH4_2015_AIR","population_2015"
"CH4","AIR",2030,"CH4_2015_AIR","population_2015"
"CH4","AIR",2040,"CH4_2015_AIR","population_2015"
"CH4","AIR",2050,"CH4_2015_AIR","population_2015"
"CH4","AIR",2060,"CH4_2015_AIR","population_2015"
"CH4","AIR",2070,"CH4_2015_AIR","population_2015"
"CH4","AIR",2080,"CH4_2015_AIR","population_2015"
"CH4","AIR",2090,"CH4_2015_AIR","population_2015"
"CH4","AIR",2100,"CH4_2015_AIR","population_2015"
"CH4","TRA",2015,"CH4_2015_TRA","population_2015"
"CH4","TRA",2020,"CH4_2015_TRA","population_2015"
"CH4","TRA",2030,"CH4_2015_TRA","population_2015"
"CH4","TRA",2040,"CH4_2015_TRA","population_2015"
"CH4","TRA",2050,"CH4_2015_TRA","population_2015"
"CH4","TRA",2060,"CH4_2015_TRA","population_2015"
"CH4","TRA",2070,"CH4_2015_TRA","population_2015"
"CH4","TRA",2080,"CH4_2015_TRA","population_2015"
"CH4","TRA",2090,"CH4_2015_TRA","population_2015"
"CH4","TRA",2100,"CH4_2015_TRA","population_2015"
"CH4","SHP",2015,"CH4_2015_SHP","population_2015"
"CH4","SHP",2020,"CH4_2020_SHP","population_2015"
"CH4","SHP",2030,"CH4_2030_SHP","population_2015"
"CH4","SHP",2040,"CH4_2040_SHP","population_2015"
"CH4","SHP",2050,"CH4_2050_SHP","population_2015"
"CH4","SHP",2060,"CH4_2050_SHP","population_2015"
"CH4","SHP",2070,"CH4_2050_SHP","population_2015"
"CH4","SHP",2080,"CH4_2050_SHP","population_2015"
"CH4","SHP",2090,"CH4_2050_SHP","population_2015"
"CH4","SHP",2100,"CH4_2050_SHP","population_2015"
"CH4","ENE",2015,"CH4_2015_ENE","population_2015"
"CH4","ENE",2020,"CH4_2015_ENE","population_2015"
"CH4","ENE",2030,"CH4_2015_ENE","population_2015"
"CH4","ENE",2040,"CH4_2015_ENE","population_2015"
"CH4","ENE",2050,"CH4_2015_ENE","population_2015"
"CH4","ENE",2060,"CH4_2015_ENE","population_2015"
"CH4","ENE",2070,"CH4_2015_ENE","population_2015"
"CH4","ENE",2080,"CH4_2015_ENE","population_2015"
"CH4","ENE",2090,"CH4_2015_ENE","population_2015"
"CH4","ENE",2100,"CH4_2015_ENE","population_2015"
"CH4","SLV",2015,"CH4_2015_SLV","population_2015"
"CH4","SLV",2020,"CH4_2015_SLV","population_2015"
"CH4","SLV",2030,"CH4_2015_SLV","population_2015"
"CH4","SLV",2040,"CH4_2015_SLV","population_2015"
"CH4","SLV",2050,"CH4_2015_SLV","population_2015"
"CH4","SLV",2060,"CH4_2015_SLV","population_2015"
"CH4","SLV",2070,"CH4_2015_SLV","population_2015"
"CH4","SLV",2080,"CH4_2015_SLV","population_2015"
"CH4","SLV",2090,"CH4_2015_SLV","population_2015"
"CH4","SLV",2100,"CH4_2015_SLV","population_2015"
"CH4","WST",2015,"population_2015","population_2015"
"CH4","WST",2020,"population_2015","population_2015"
"CH4","WST",2030,"population_2015","population_2015"
"CH4","WST",2040,"population_2015","population_2015"
"CH4","WST",2050,"population_2015","population_2015"
"CH4","WST",2060,"population_2015","population_2015"
"CH4","WST",2070,"population_2015","population_2015"
"CH4","WST",2080,"population_2015","population_2015"
"CH4","WST",2090,"population_2015","population_2015"
"CH4","WST",2100,"population_2015","population_2015"
"CO","AGR",2015,"CO_2015_AGR","population_2015"
"CO","AGR",2020,"CO_2015_AGR","population_2015"
"CO","AGR",2030,"CO_2015_AGR","population_2015"
"CO","AGR",2040,"CO_2015_AGR","population_2015"
"CO","AGR",2050,"CO_2015_AGR","population_2015"
"CO","AGR",2060,"CO_2015_AGR","population_2015"
"CO","AGR",2070,"CO_2015_AGR","population_2015"
"CO","AGR",2080,"CO_2015_AGR","population_2015"
"CO","AGR",2090,"CO_2015_AGR","population_2015"
"CO","AGR",2100,"CO_2015_AGR","population_2015"
"CO","AWB",2015,"CO_2015_AWB","population_2015"
"CO","AWB",2020,"CO_2015_AWB","population_2015"
"CO","AWB",2030,"CO_2015_AWB","population_2015"
"CO","AWB",2040,"CO_2015_AWB","population_2015"
"CO","AWB",2050,"CO_2015_AWB","population_2015"
"CO","AWB",2060,"CO_2015_AWB","population_2015"
"CO","AWB",2070,"CO_2015_AWB","population_2015"
"CO","AWB",2080,"CO_2015_AWB","population_2015"
"CO","AWB",2090,"CO_2015_AWB","population_2015"
"CO","AWB",2100,"CO_2015_AWB","population_2015"
"CO","FRTB",2015,"CO_2015_FRTB","population_2015"
"CO","FRTB",2020,"CO_2015_FRTB","population_2015"
"CO","FRTB",2030,"CO_2015_FRTB","population_2015"
"CO","FRTB",2040,"CO_2015_FRTB","population_2015"
"CO","FRTB",2050,"CO_2015_FRTB","population_2015"
"CO","FRTB",2060,"CO_2015_FRTB","population_2015"
"CO","FRTB",2070,"CO_2015_FRTB","population_2015"
"CO","FRTB",2080,"CO_2015_FRTB","population_2015"
"CO","FRTB",2090,"CO_2015_FRTB","population_2015"
"CO","FRTB",2100,"CO_2015_FRTB","population_2015"
"CO","GRSB",2015,"CO_2015_GRSB","population_2015"
"CO","GRSB",2020,"CO_2015_GRSB","population_2015"
"CO","GRSB",2030,"CO_2015_GRSB","population_2015"
"CO","GRSB",2040,"CO_2015_GRSB","population_2015"
"CO","GRSB",2050,"CO_2015_GRSB","population_2015"
"CO","GRSB",2060,"CO_2015_GRSB","population_2015"
"CO","GRSB",2070,"CO_2015_GRSB","population_2015"
"CO","GRSB",2080,"CO_2015_GRSB","population_2015"
"CO","GRSB",2090,"CO_2015_GRSB","population_2015"
"CO","GRSB",2100,"CO_2015_GRSB","population_2015"
"CO","PEAT",2015,"CO_2015_PEAT","population_2015"
"CO","PEAT",2020,"CO_2015_PEAT","population_2015"
"CO","PEAT",2030,"CO_2015_PEAT","population_2015"
"CO","PEAT",2040,"CO_2015_PEAT","population_2015"
"CO","PEAT",2050,"CO_2015_PEAT","population_2015"
"CO","PEAT",2060,"CO_2015_PEAT","population_2015"
"CO","PEAT",2070,"CO_2015_PEAT","population_2015"
"CO","PEAT",2080,"CO_2015_PEAT","population_2015"
"CO","PEAT",2090,"CO_2015_PEAT","population_2015"
"CO","PEAT",2100,"CO_2015_PEAT","population_2015"
"CO","IND",2015,"CO_2015_IND","population_2015"
"CO","IND",2020,"CO_2015_IND","population_2015"
"CO","IND",2030,"CO_2015_IND","population_2015"
"CO","IND",2040,"CO_2015_IND","population_2015"
"CO","IND",2050,"CO_2015_IND","population_2015"
"CO","IND",2060,"CO_2015_IND","population_2015"
"CO","IND",2070,"CO_2015_IND","population_2015"
"CO","IND",2080,"CO_2015_IND","population_2015"
"CO","IND",2090,"CO_2015_IND","population_2015"
"CO","IND",2100,"CO_2015_IND","population_2015"
"CO","RCO",2015,"CO_2015_RCO","population_2015"
"CO","RCO",2020,"CO_2015_RCO","population_2015"
"CO","RCO",2030,"CO_2015_RCO","population_2015"
"CO","RCO",2040,"CO_2015_RCO","population_2015"
"CO","RCO",2050,"CO_2015_RCO","population_2015"
"CO","RCO",2060,"CO_2015_RCO","population_2015"
"CO","RCO",2070,"CO_2015_RCO","population_2015"
"CO","RCO",2080,"CO_2015_RCO","population_2015"
"CO","RCO",2090,"CO_2015_RCO","population_2015"
"CO","RCO",2100,"CO_2015_RCO","population_2015"
"CO","AIR",2015,"CO_2015_AIR","population_2015"
"CO","AIR",2020,"CO_2015_AIR","population_2015"
"CO","AIR",2030,"CO_2015_AIR","population_2015"
"CO","AIR",2040,"CO_2015_AIR","population_2015"
"CO","AIR",2050,"CO_2015_AIR","population_2015"
"CO","AIR",2060,"CO_2015_AIR","population_2015"
"CO","AIR",2070,"CO_2015_AIR","population_2015"
"CO","AIR",2080,"CO_2015_AIR","population_2015"
"CO","AIR",2090,"CO_2015_AIR","population_2015"
"CO","AIR",2100,"CO_2015_AIR","population_2015"
"CO","TRA",2015,"CO_2015_TRA","population_2015"
"CO","TRA",2020,"CO_2015_TRA","population_2015"
"CO","TRA",2030,"CO_2015_TRA","population_2015"
"CO","TRA",2040,"CO_2015_TRA","population_2015"
"CO","TRA",2050,"CO_2015_TRA","population_2015"
"CO","TRA",2060,"CO_2015_TRA","population_2015"
"CO","TRA",2070,"CO_2015_TRA","population_2015"
"CO","TRA",2080,"CO_2015_TRA","population_2015"
"CO","TRA",2090,"CO_2015_TRA","population_2015"
"CO","TRA",2100,"CO_2015_TRA","population_2015"
"CO","SHP",2015,"CO_2015_SHP","population_2015"
"CO","SHP",2020,"CO_2020_SHP","population_2015"
"CO","SHP",2030,"CO_2030_SHP","population_2015"
"CO","SHP",2040,"CO_2040_SHP","population_2015"
"CO","SHP",2050,"CO_2050_SHP","population_2015"
"CO","SHP",2060,"CO_2050_SHP","population_2015"
"CO","SHP",2070,"CO_2050_SHP","population_2015"
"CO","SHP",2080,"CO_2050_SHP","population_2015"
"CO","SHP",2090,"CO_2050_SHP","population_2015"
"CO","SHP",2100,"CO_2050_SHP","population_2015"
"CO","ENE",2015,"CO_2015_ENE","population_2015"
"CO","ENE",2020,"CO_2015_ENE","population_2015"
"CO","ENE",2030,"CO_2015_ENE","population_2015"
"CO","ENE",2040,"CO_2015_ENE","population_2015"
"CO","ENE",2050,"CO_2015_ENE","population_2015"
"CO","ENE",2060,"CO_2015_ENE","population_2015"
"CO","ENE",2070,"CO_2015_ENE","population_2015"
"CO","ENE",2080,"CO_2015_ENE","population_2015"
"CO","ENE",2090,"CO_2015_ENE","population_2015"
"CO","ENE",2100,"CO_2015_ENE","population_2015"
"CO","SLV",2015,"CO_2015_SLV","population_2015"
"CO","SLV",2020,"CO_2015_SLV","population_2015"
"CO","SLV",2030,"CO_2015_SLV","population_2015"
"CO","SLV",2040,"CO_2015_SLV","population_2015"
"CO","SLV",2050,"CO_2015_SLV","population_2015"
"CO","SLV",2060,"CO_2015_SLV","population_2015"
"CO","SLV",2070,"CO_2015_SLV","population_2015"
"CO","SLV",2080,"CO_2015_SLV","population_2015"
"CO","SLV",2090,"CO_2015_SLV","population_2015"
"CO","SLV",2100,"CO_2015_SLV","population_2015"
"CO","WST",2015,"population_2015","population_2015"
"CO","WST",2020,"population_2015","population_2015"
"CO","WST",2030,"population_2015","population_2015"
"CO","WST",2040,"population_2015","population_2015"
"CO","WST",2050,"population_2015","population_2015"
"CO","WST",2060,"population_2015","population_2015"
"CO","WST",2070,"population_2015","population_2015"
"CO","WST",2080,"population_2015","population_2015"
"CO","WST",2090,"population_2015","population_2015"
"CO","WST",2100,"population_2015","population_2015"
"CO2","AGR",2015,"CO2_2015_AGR","population_2015"
"CO2","AGR",2020,"CO2_2015_AGR","population_2015"
"CO2","AGR",2030,"CO2_2015_AGR","population_2015"
"CO2","AGR",2040,"CO2_2015_AGR","population_2015"
"CO2","AGR",2050,"CO2_2015_AGR","population_2015"
"CO2","AGR",2060,"CO2_2015_AGR","population_2015"
"CO2","AGR",2070,"CO2_2015_AGR","population_2015"
"CO2","AGR",2080,"CO2_2015_AGR","population_2015"
"CO2","AGR",2090,"CO2_2015_AGR","population_2015"
"CO2","AGR",2100,"CO2_2015_AGR","population_2015"
"CO2","AWB",2015,"CO2_2015_AWB","population_2015"
"CO2","AWB",2020,"CO2_2015_AWB","population_2015"
"CO2","AWB",2030,"CO2_2015_AWB","population_2015"
"CO2","AWB",2040,"CO2_2015_AWB","population_2015"
"CO2","AWB",2050,"CO2_2015_AWB","population_2015"
"CO2","AWB",2060,"CO2_2015_AWB","population_2015"
"CO2","AWB",2070,"CO2_2015_AWB","population_2015"
"CO2","AWB",2080,"CO2_2015_AWB","population_2015"
"CO2","AWB",2090,"CO2_2015_AWB","population_2015"
"CO2","AWB",2100,"CO2_2015_AWB","population_2015"
"CO2","FRTB",2015,"CO2_2015_FRTB","population_2015"
"CO2","FRTB",2020,"CO2_2015_FRTB","population_2015"
"CO2","FRTB",2030,"CO2_2015_FRTB","population_2015"
"CO2","FRTB",2040,"CO2_2015_FRTB","population_2015"
"CO2","FRTB",2050,"CO2_2015_FRTB","population_2015"
"CO2","FRTB",2060,"CO2_2015_FRTB","population_2015"
"CO2","FRTB",2070,"CO2_2015_FRTB","population_2015"
"CO2","FRTB",2080,"CO2_2015_FRTB","population_2015"
"CO2","FRTB",2090,"CO2_2015_FRTB","population_2015"
"CO2","FRTB",2100,"CO2_2015_FRTB","population_2015"
"CO2","GRSB",2015,"CO2_2015_GRSB","population_2015"
"CO2","GRSB",2020,"CO2_2015_GRSB","population_2015"
"CO2","GRSB",2030,"CO2_2015_GRSB","population_2015"
"CO2","GRSB",2040,"CO2_2015_GRSB","population_2015"
"CO2","GRSB",2050,"CO2_2015_GRSB","population_2015"
"CO2","GRSB",2060,"CO2_2015_GRSB","population_2015"
"CO2","GRSB",2070,"CO2_2015_GRSB","population_2015"
"CO2","GRSB",2080,"CO2_2015_GRSB","population_2015"
"CO2","GRSB",2090,"CO2_2015_GRSB","population_2015"
"CO2","GRSB",2100,"CO2_2015_GRSB","population_2015"
"CO2","PEAT",2015,"CO2_2015_PEAT","population_2015"
"CO2","PEAT",2020,"CO2_2015_PEAT","population_2015"
"CO2","PEAT",2030,"CO2_2015_PEAT","population_2015"
"CO2","PEAT",2040,"CO2_2015_PEAT","population_2015"
"CO2","PEAT",2050,"CO2_2015_PEAT","population_2015"
"CO2","PEAT",2060,"CO2_2015_PEAT","population_2015"
"CO2","PEAT",2070,"CO2_2015_PEAT","population_2015"
"CO2","PEAT",2080,"CO2_2015_PEAT","population_2015"
"CO2","PEAT",2090,"CO2_2015_PEAT","population_2015"
"CO2","PEAT",2100,"CO2_2015_PEAT","population_2015"
"CO2","IND",2015,"CO2_2015_IND","population_2015"
"CO2","IND",2020,"CO2_2015_IND","population_2015"
"CO2","IND",2030,"CO2_2015_IND","population_2015"
"CO2","IND",2040,"CO2_2015_IND","population_2015"
"CO2","IND",2050,"CO2_2015_IND","population_2015"
"CO2","IND",2060,"CO2_2015_IND","population_2015"
"CO2","IND",2070,"CO2_2015_IND","population_2015"
"CO2","IND",2080,"CO2_2015_IND","population_2015"
"CO2","IND",2090,"CO2_2015_IND","population_2015"
"CO2","IND",2100,"CO2_2015_IND","population_2015"
"CO2","RCO",2015,"CO2_2015_RCO","population_2015"
"CO2","RCO",2020,"CO2_2015_RCO","population_2015"
"CO2","RCO",2030,"CO2_2015_RCO","population_2015"
"CO2","RCO",2040,"CO2_2015_RCO","population_2015"
"CO2","RCO",2050,"CO2_2015_RCO","population_2015"
"CO2","RCO",2060,"CO2_2015_RCO","population_2015"
"CO2","RCO",2070,"CO2_2015_RCO","population_2015"
"CO2","RCO",2080,"CO2_2015_RCO","population_2015"
"CO2","RCO",2090,"CO2_2015_RCO","population_2015"
"CO2","RCO",2100,"CO2_2015_RCO","population_2015"
"CO2","AIR",2015,"CO2_2015_AIR","population_2015"
"CO2","AIR",2020,"CO2_2015_AIR","population_2015"
"CO2","AIR",2030,"CO2_2015_AIR","population_2015"
"CO2","AIR",2040,"CO2_2015_AIR","population_2015"
"CO2","AIR",2050,"CO2_2015_AIR","population_2015"
"CO2","AIR",2060,"CO2_2015_AIR","population_2015"
"CO2","AIR",2070,"CO2_2015_AIR","population_2015"
"CO2","AIR",2080,"CO2_2015_AIR","population_2015"
"CO2","AIR",2090,"CO2_2015_AIR","population_2015"
"CO2","AIR",2100,"CO2_2015_AIR","population_2015"
"CO2","TRA",2015,"CO2_2015_TRA","population_2015"
"CO2","TRA",2020,"CO2_2015_TRA","population_2015"
"CO2","TRA",2030,"CO2_2015_TRA","population_2015"
"CO2","TRA",2040,"CO2_2015_TRA","population_2015"
"CO2","TRA",2050,"CO2_2015_TRA","population_2015"
"CO2","TRA",2060,"CO2_2015_TRA","population_2015"
"CO2","TRA",2070,"CO2_2015_TRA","population_2015"
"CO2","TRA",2080,"CO2_2015_TRA","population_2015"
"CO2","TRA",2090,"CO2_2015_TRA","population_2015"
"CO2","TRA",2100,"CO2_2015_TRA","population_2015"
"CO2","SHP",2015,"CO2_2015_SHP","population_2015"
"CO2","SHP",2020,"CO2_2020_SHP","population_2015"
"CO2","SHP",2030,"CO2_2030_SHP","population_2015"
"CO2","SHP",2040,"CO2_2040_SHP","population_2015"
"CO2","SHP",2050,"CO2_2050_SHP","population_2015"
"CO2","SHP",2060,"CO2_2050_SHP","population_2015"
"CO2","SHP",2070,"CO2_2050_SHP","population_2015"
"CO2","SHP",2080,"CO2_2050_SHP","population_2015"
"CO2","SHP",2090,"CO2_2050_SHP","population_2015"
"CO2","SHP",2100,"CO2_2050_SHP","population_2015"
"CO2","ENE",2015,"CO2_2015_ENE","population_2015"
"CO2","ENE",2020,"CO2_2015_ENE","population_2015"
"CO2","ENE",2030,"CO2_2015_ENE","population_2015"
"CO2","ENE",2040,"CO2_2015_ENE","population_2015"
"CO2","ENE",2050,"CO2_2015_ENE","population_2015"
"CO2","ENE",2060,"CO2_2015_ENE","population_2015"
"CO2","ENE",2070,"CO2_2015_ENE","population_2015"
"CO2","ENE",2080,"CO2_2015_ENE","population_2015"
"CO2","ENE",2090,"CO2_2015_ENE","population_2015"
"CO2","ENE",2100,"CO2_2015_ENE","population_2015"
"CO2","SLV",2015,"CO2_2015_SLV","population_2015"
"CO2","SLV",2020,"CO2_2015_SLV","population_2015"
"CO2","SLV",2030,"CO2_2015_SLV","population_2015"
"CO2","SLV",2040,"CO2_2015_SLV","population_2015"
"CO2","SLV",2050,"CO2_2015_SLV","population_2015"
"CO2","SLV",2060,"CO2_2015_SLV","population_2015"
"CO2","SLV",2070,"CO2_2015_SLV","population_2015"
"CO2","SLV",2080,"CO2_2015_SLV","population_2015"
"CO2","SLV",2090,"CO2_2015_SLV","population_2015"
"CO2","SLV",2100,"CO2_2015_SLV","population_2015"
"CO2","WST",2015,"population_2015","population_2015"
"CO2","WST",2020,"population_2015","population_2015"
"CO2","WST",2030,"population_2015","population_2015"
"CO2","WST",2040,"population_2015","population_2015"
"CO2","WST",2050,"population_2015","population_2015"
"CO2","WST",2060,"population_2015","population_2015"
"CO2","WST",2070,"population_2015","population_2015"
"CO2","WST",2080,"population_2015","population_2015"
"CO2","WST",2090,"population_2015","population_2015"
"CO2","WST",2100,"population_2015","population_2015"
"NH3","AGR",2015,"NH3_2015_AGR","population_2015"
"NH3","AGR",2020,"NH3_2015_AGR","population_2015"
"NH3","AGR",2030,"NH3_2015_AGR","population_2015"
"NH3","AGR",2040,"NH3_2015_AGR","population_2015"
"NH3","AGR",2050,"NH3_2015_AGR","population_2015"
"NH3","AGR",2060,"NH3_2015_AGR","population_2015"
"NH3","AGR",2070,"NH3_2015_AGR","population_2015"
"NH3","AGR",2080,"NH3_2015_AGR","population_2015"
"NH3","AGR",2090,"NH3_2015_AGR","population_2015"
"NH3","AGR",2100,"NH3_2015_AGR","population_2015"
"NH3","AWB",2015,"NH3_2015_AWB","population_2015"
"NH3","AWB",2020,"NH3_2015_AWB","population_2015"
"NH3","AWB",2030,"NH3_2015_AWB","population_2015"
"NH3","AWB",2040,"NH3_2015_AWB","population_2015"
"NH3","AWB",2050,"NH3_2015_AWB","population_2015"
"NH3","AWB",2060,"NH3_2015_AWB","population_2015"
"NH3","AWB",2070,"NH3_2015_AWB","population_2015"
"NH3","AWB",2080,"NH3_2015_AWB","population_2015"
"NH3","AWB",2090,"NH3_2015_AWB","population_2015"
"NH3","AWB",2100,"NH3_2015_AWB","population_2015"
"NH3","FRTB",2015,"NH3_2015_FRTB","population_2015"
"NH3","FRTB",2020,"NH3_2015_FRTB","population_2015"
"NH3","FRTB",2030,"NH3_2015_FRTB","population_2015"
"NH3","FRTB",2040,"NH3_2015_FRTB","population_2015"
"NH3","FRTB",2050,"NH3_2015_FRTB","population_2015"
"NH3","FRTB",2060,"NH3_2015_FRTB","population_2015"
"NH3","FRTB",2070,"NH3_2015_FRTB","population_2015"
"NH3","FRTB",2080,"NH3_2015_FRTB","population_2015"
"NH3","FRTB",2090,"NH3_2015_FRTB","population_2015"
"NH3","FRTB",2100,"NH3_2015_FRTB","population_2015"
"NH3","GRSB",2015,"NH3_2015_GRSB","population_2015"
"NH3","GRSB",2020,"NH3_2015_GRSB","population_2015"
"NH3","GRSB",2030,"NH3_2015_GRSB","population_2015"
"NH3","GRSB",2040,"NH3_2015_GRSB","population_2015"
"NH3","GRSB",2050,"NH3_2015_GRSB","population_2015"
"NH3","GRSB",2060,"NH3_2015_GRSB","population_2015"
"NH3","GRSB",2070,"NH3_2015_GRSB","population_2015"
"NH3","GRSB",2080,"NH3_2015_GRSB","population_2015"
"NH3","GRSB",2090,"NH3_2015_GRSB","population_2015"
"NH3","GRSB",2100,"NH3_2015_GRSB","population_2015"
"NH3","PEAT",2015,"NH3_2015_PEAT","population_2015"
"NH3","PEAT",2020,"NH3_2015_PEAT","population_2015"
"NH3","PEAT",2030,"NH3_2015_PEAT","population_2015"
"NH3","PEAT",2040,"NH3_2015_PEAT","population_2015"
"NH3","PEAT",2050,"NH3_2015_PEAT","population_2015"
"NH3","PEAT",2060,"NH3_2015_PEAT","population_2015"
"NH3","PEAT",2070,"NH3_2015_PEAT","population_2015"
"NH3","PEAT",2080,"NH3_2015_PEAT","population_2015"
"NH3","PEAT",2090,"NH3_2015_PEAT","population_2015"
"NH3","PEAT",2100,"NH3_2015_PEAT","population_2015"
"NH3","IND",2015,"NH3_2015_IND","population_2015"
"NH3","IND",2020,"NH3_2015_IND","population_2015"
"NH3","IND",2030,"NH3_2015_IND","population_2015"
"NH3","IND",2040,"NH3_2015_IND","population_2015"
"NH3","IND",2050,"NH3_2015_IND","population_2015"
"NH3","IND",2060,"NH3_2015_IND","population_2015"
"NH3","IND",2070,"NH3_2015_IND","population_2015"
"NH3","IND",2080,"NH3_2015_IND","population_2015"
"NH3","IND",2090,"NH3_2015_IND","population_2015"
"NH3","IND",2100,"NH3_2015_IND","population_2015"
"NH3","RCO",2015,"NH3_2015_RCO","population_2015"
"NH3","RCO",2020,"NH3_2015_RCO","population_2015"
"NH3","RCO",2030,"NH3_2015_RCO","population_2015"
"NH3","RCO",2040,"NH3_2015_RCO","population_2015"
"NH3","RCO",2050,"NH3_2015_RCO","population_2015"
"NH3","RCO",2060,"NH3_2015_RCO","population_2015"
"NH3","RCO",2070,"NH3_2015_RCO","population_2015"
"NH3","RCO",2080,"NH3_2015_RCO","population_2015"
"NH3","RCO",2090,"NH3_2015_RCO","population_2015"
"NH3","RCO",2100,"NH3_2015_RCO","population_2015"
"NH3","AIR",2015,"NH3_2015_AIR","population_2015"
"NH3","AIR",2020,"NH3_2015_AIR","population_2015"
"NH3","AIR",2030,"NH3_2015_AIR","population_2015"
"NH3","AIR",2040,"NH3_2015_AIR","population_2015"
"NH3","AIR",2050,"NH3_2015_AIR","population_2015"
"NH3","AIR",2060,"NH3_2015_AIR","population_2015"
"NH3","AIR",2070,"NH3_2015_AIR","population_2015"
"NH3","AIR",2080,"NH3_2015_AIR","population_2015"
"NH3","AIR",2090,"NH3_2015_AIR","population_2015"
"NH3","AIR",2100,"NH3_2015_AIR","population_2015"
"NH3","TRA",2015,"NH3_2015_TRA","population_2015"
"NH3","TRA",2020,"NH3_2015_TRA","population_2015"
"NH3","TRA",2030,"NH3_2015_TRA","population_2015"
"NH3","TRA",2040,"NH3_2015_TRA","population_2015"
"NH3","TRA",2050,"NH3_2015_TRA","population_2015"
"NH3","TRA",2060,"NH3_2015_TRA","population_2015"
"NH3","TRA",2070,"NH3_2015_TRA","population_2015"
"NH3","TRA",2080,"NH3_2015_TRA","population_2015"
"NH3","TRA",2090,"NH3_2015_TRA","population_2015"
"NH3","TRA",2100,"NH3_2015_TRA","population_2015"
"NH3","SHP",2015,"NH3_2015_SHP","population_2015"
"NH3","SHP",2020,"NH3_2020_SHP","population_2015"
"NH3","SHP",2030,"NH3_2030_SHP","population_2015"
"NH3","SHP",2040,"NH3_2040_SHP","population_2015"
"NH3","SHP",2050,"NH3_2050_SHP","population_2015"
"NH3","SHP",2060,"NH3_2050_SHP","population_2015"
"NH3","SHP",2070,"NH3_2050_SHP","population_2015"
"NH3","SHP",2080,"NH3_2050_SHP","population_2015"
"NH3","SHP",2090,"NH3_2050_SHP","population_2015"
"NH3","SHP",2100,"NH3_2050_SHP","population_2015"
"NH3","ENE",2015,"NH3_2015_ENE","population_2015"
"NH3","ENE",2020,"NH3_2015_ENE","population_2015"
"NH3","ENE",2030,"NH3_2015_ENE","population_2015"
"NH3","ENE",2040,"NH3_2015_ENE","population_2015"
"NH3","ENE",2050,"NH3_2015_ENE","population_2015"
"NH3","ENE",2060,"NH3_2015_ENE","population_2015"
"NH3","ENE",2070,"NH3_2015_ENE","population_2015"
"NH3","ENE",2080,"NH3_2015_ENE","population_2015"
"NH3","ENE",2090,"NH3_2015_ENE","population_2015"
"NH3","ENE",2100,"NH3_2015_ENE","population_2015"
"NH3","SLV",2015,"NH3_2015_SLV","population_2015"
"NH3","SLV",2020,"NH3_2015_SLV","population_2015"
"NH3","SLV",2030,"NH3_2015_SLV","population_2015"
"NH3","SLV",2040,"NH3_2015_SLV","population_2015"
"NH3","SLV",2050,"NH3_2015_SLV","population_2015"
"NH3","SLV",2060,"NH3_2015_SLV","population_2015"
"NH3","SLV",2070,"NH3_2015_SLV","population_2015"
"NH3","SLV",2080,"NH3_2015_SLV","population_2015"
"NH3","SLV",2090,"NH3_2015_SLV","population_2015"
"NH3","SLV",2100,"NH3_2015_SLV","population_2015"
"NH3","WST",2015,"population_2015","population_2015"
"NH3","WST",2020,"population_2015","population_2015"
"NH3","WST",2030,"population_2015","population_2015"
"NH3","WST",2040,"population_2015","population_2015"
"NH3","WST",2050,"population_2015","population_2015"
"NH3","WST",2060,"population_2015","population_2015"
"NH3","WST",2070,"population_2015","population_2015"
"NH3","WST",2080,"population_2015","population_2015"
"NH3","WST",2090,"population_2015","population_2015"
"NH3","WST",2100,"population_2015","population_2015"
"NOx","AGR",2015,"NOx_2015_AGR","population_2015"
"NOx","AGR",2020,"NOx_2015_AGR","population_2015"
"NOx","AGR",2030,"NOx_2015_AGR","population_2015"
"NOx","AGR",2040,"NOx_2015_AGR","population_2015"
"NOx","AGR",2050,"NOx_2015_AGR","population_2015"
"NOx","AGR",2060,"NOx_2015_AGR","population_2015"
"NOx","AGR",2070,"NOx_2015_AGR","population_2015"
"NOx","AGR",2080,"NOx_2015_AGR","population_2015"
"NOx","AGR",2090,"NOx_2015_AGR","population_2015"
"NOx","AGR",2100,"NOx_2015_AGR","population_2015"
"NOx","AWB",2015,"NOx_2015_AWB","population_2015"
"NOx","AWB",2020,"NOx_2015_AWB","population_2015"
"NOx","AWB",2030,"NOx_2015_AWB","population_2015"
"NOx","AWB",2040,"NOx_2015_AWB","population_2015"
"NOx","AWB",2050,"NOx_2015_AWB","population_2015"
"NOx","AWB",2060,"NOx_2015_AWB","population_2015"
"NOx","AWB",2070,"NOx_2015_AWB","population_2015"
"NOx","AWB",2080,"NOx_2015_AWB","population_2015"
"NOx","AWB",2090,"NOx_2015_AWB","population_2015"
"NOx","AWB",2100,"NOx_2015_AWB","population_2015"
"NOx","FRTB",2015,"NOx_2015_FRTB","population_2015"
"NOx","FRTB",2020,"NOx_2015_FRTB","population_2015"
"NOx","FRTB",2030,"NOx_2015_FRTB","population_2015"
"NOx","FRTB",2040,"NOx_2015_FRTB","population_2015"
"NOx","FRTB",2050,"NOx_2015_FRTB","population_2015"
"NOx","FRTB",2060,"NOx_2015_FRTB","population_2015"
"NOx","FRTB",2070,"NOx_2015_FRTB","population_2015"
"NOx","FRTB",2080,"NOx_2015_FRTB","population_2015"
"NOx","FRTB",2090,"NOx_2015_FRTB","population_2015"
"NOx","FRTB",2100,"NOx_2015_FRTB","population_2015"
"NOx","GRSB",2015,"NOx_2015_GRSB","population_2015"
"NOx","GRSB",2020,"NOx_2015_GRSB","population_2015"
"NOx","GRSB",2030,"NOx_2015_GRSB","population_2015"
"NOx","GRSB",2040,"NOx_2015_GRSB","population_2015"
"NOx","GRSB",2050,"NOx_2015_GRSB","population_2015"
"NOx","GRSB",2060,"NOx_2015_GRSB","population_2015"
"NOx","GRSB",2070,"NOx_2015_GRSB","population_2015"
"NOx","GRSB",2080,"NOx_2015_GRSB","population_2015"
"NOx","GRSB",2090,"NOx_2015_GRSB","population_2015"
"NOx","GRSB",2100,"NOx_2015_GRSB","population_2015"
"NOx","PEAT",2015,"NOx_2015_PEAT","population_2015"
"NOx","PEAT",2020,"NOx_2015_PEAT","population_2015"
"NOx","PEAT",2030,"NOx_2015_PEAT","population_2015"
"NOx","PEAT",2040,"NOx_2015_PEAT","population_2015"
"NOx","PEAT",2050,"NOx_2015_PEAT","population_2015"
"NOx","PEAT",2060,"NOx_2015_PEAT","population_2015"
"NOx","PEAT",2070,"NOx_2015_PEAT","population_2015"
"NOx","PEAT",2080,"NOx_2015_PEAT","population_2015"
"NOx","PEAT",2090,"NOx_2015_PEAT","population_2015"
"NOx","PEAT",2100,"NOx_2015_PEAT","population_2015"
"NOx","IND",2015,"NOx_2015_IND","population_2015"
"NOx","IND",2020,"NOx_2015_IND","population_2015"
"NOx","IND",2030,"NOx_2015_IND","population_2015"
"NOx","IND",2040,"NOx_2015_IND","population_2015"
"NOx","IND",2050,"NOx_2015_IND","population_2015"
"NOx","IND",2060,"NOx_2015_IND","population_2015"
"NOx","IND",2070,"NOx_2015_IND","population_2015"
"NOx","IND",2080,"NOx_2015_IND","population_2015"
"NOx","IND",2090,"NOx_2015_IND","population_2015"
"NOx","IND",2100,"NOx_2015_IND","population_2015"
"NOx","RCO",2015,"NOx_2015_RCO","population_2015"
"NOx","RCO",2020,"NOx_2015_RCO","population_2015"
"NOx","RCO",2030,"NOx_2015_RCO","population_2015"
"NOx","RCO",2040,"NOx_2015_RCO","population_2015"
"NOx","RCO",2050,"NOx_2015_RCO","population_2015"
"NOx","RCO",2060,"NOx_2015_RCO","population_2015"
"NOx","RCO",2070,"NOx_2015_RCO","population_2015"
"NOx","RCO",2080,"NOx_2015_RCO","population_2015"
"NOx","RCO",2090,"NOx_2015_RCO","population_2015"
"NOx","RCO",2100,"NOx_2015_RCO","population_2015"
"NOx","AIR",2015,"NOx_2015_AIR","population_2015"
"NOx","AIR",2020,"NOx_2015_AIR","population_2015"
"NOx","AIR",2030,"NOx_2015_AIR","population_2015"
"NOx","AIR",2040,"NOx_2015_AIR","population_2015"
"NOx","AIR",2050,"NOx_2015_AIR","population_2015"
"NOx","AIR",2060,"NOx_2015_AIR","population_2015"
"NOx","AIR",2070,"NOx_2015_AIR","population_2015"
"NOx","AIR",2080,"NOx_2015_AIR","population_2015"
"NOx","AIR",2090,"NOx_2015_AIR","population_2015"
"NOx","AIR",2100,"NOx_2015_AIR","population_2015"
"NOx","TRA",2015,"NOx_2015_TRA","population_2015"
"NOx","TRA",2020,"NOx_2015_TRA","population_2015"
"NOx","TRA",2030,"NOx_2015_TRA","population_2015"
"NOx","TRA",2040,"NOx_2015_TRA","population_2015"
"NOx","TRA",2050,"NOx_2015_TRA","population_2015"
"NOx","TRA",2060,"NOx_2015_TRA","population_2015"
"NOx","TRA",2070,"NOx_2015_TRA","population_2015"
"NOx","TRA",2080,"NOx_2015_TRA","population_2015"
"NOx","TRA",2090,"NOx_2015_TRA","population_2015"
"NOx","TRA",2100,"NOx_2015_TRA","population_2015"
"NOx","SHP",2015,"NOx_2015_SHP","population_2015"
"NOx","SHP",2020,"NOx_2020_SHP","population_2015"
"NOx","SHP",2030,"NOx_2030_SHP","population_2015"
"NOx","SHP",2040,"NOx_2040_SHP","population_2015"
"NOx","SHP",2050,"NOx_2050_SHP","population_2015"
"NOx","SHP",2060,"NOx_2050_SHP","population_2015"
"NOx","SHP",2070,"NOx_2050_SHP","population_2015"
"NOx","SHP",2080,"NOx_2050_SHP","population_2015"
"NOx","SHP",2090,"NOx_2050_SHP","population_2015"
"NOx","SHP",2100,"NOx_2050_SHP","population_2015"
"NOx","ENE",2015,"NOx_2015_ENE","population_2015"
"NOx","ENE",2020,"NOx_2015_ENE","population_2015"
"NOx","ENE",2030,"NOx_2015_ENE","population_2015"
"NOx","ENE",2040,"NOx_2015_ENE","population_2015"
"NOx","ENE",2050,"NOx_2015_ENE","population_2015"
"NOx","ENE",2060,"NOx_2015_ENE","population_2015"
"NOx","ENE",2070,"NOx_2015_ENE","population_2015"
"NOx","ENE",2080,"NOx_2015_ENE","population_2015"
"NOx","ENE",2090,"NOx_2015_ENE","population_2015"
"NOx","ENE",2100,"NOx_2015_ENE","population_2015"
"NOx","SLV",2015,"NOx_2015_SLV","population_2015"
"NOx","SLV",2020,"NOx_2015_SLV","population_2015"
"NOx","SLV",2030,"NOx_2015_SLV","population_2015"
"NOx","SLV",2040,"NOx_2015_SLV","population_2015"
"NOx","SLV",2050,"NOx_2015_SLV","population_2015"
"NOx","SLV",2060,"NOx_2015_SLV","population_2015"
"NOx","SLV",2070,"NOx_2015_SLV","population_2015"
"NOx","SLV",2080,"NOx_2015_SLV","population_2015"
"NOx","SLV",2090,"NOx_2015_SLV","population_2015"
"NOx","SLV",2100,"NOx_2015_SLV","population_2015"
"NOx","WST",2015,"population_2015","population_2015"
"NOx","WST",2020,"population_2015","population_2015"
"NOx","WST",2030,"population_2015","population_2015"
"NOx","WST",2040,"population_2015","population_2015"
"NOx","WST",2050,"population_2015","population_2015"
"NOx","WST",2060,"population_2015","population_2015"
"NOx","WST",2070,"population_2015","population_2015"
"NOx","WST",2080,"population_2015","population_2015"
"NOx","WST",2090,"population_2015","population_2015"
"NOx","WST",2100,"population_2015","population_2015"
"OC","AGR",2015,"OC_2015_AGR","population_2015"
"OC","AGR",2020,"OC_2015_AGR","population_2015"
"OC","AGR",2030,"OC_2015_AGR","population_2015"
"OC","AGR",2040,"OC_2015_AGR","population_2015"
"OC","AGR",2050,"OC_2015_AGR","population_2015"
"OC","AGR",2060,"OC_2015_AGR","population_2015"
"OC","AGR",2070,"OC_2015_AGR","population_2015"
"OC","AGR",2080,"OC_2015_AGR","population_2015"
"OC","AGR",2090,"OC_2015_AGR","population_2015"
"OC","AGR",2100,"OC_2015_AGR","population_2015"
"OC","AWB",2015,"OC_2015_AWB","population_2015"
"OC","AWB",2020,"OC_2015_AWB","population_2015"
"OC","AWB",2030,"OC_2015_AWB","population_2015"
"OC","AWB",2040,"OC_2015_AWB","population_2015"
"OC","AWB",2050,"OC_2015_AWB","population_2015"
"OC","AWB",2060,"OC_2015_AWB","population_2015"
"OC","AWB",2070,"OC_2015_AWB","population_2015"
"OC","AWB",2080,"OC_2015_AWB","population_2015"
"OC","AWB",2090,"OC_2015_AWB","population_2015"
"OC","AWB",2100,"OC_2015_AWB","population_2015"
"OC","FRTB",2015,"OC_2015_FRTB","population_2015"
"OC","FRTB",2020,"OC_2015_FRTB","population_2015"
"OC","FRTB",2030,"OC_2015_FRTB","population_2015"
"OC","FRTB",2040,"OC_2015_FRTB","population_2015"
"OC","FRTB",2050,"OC_2015_FRTB","population_2015"
"OC","FRTB",2060,"OC_2015_FRTB","population_2015"
"OC","FRTB",2070,"OC_2015_FRTB","population_2015"
"OC","FRTB",2080,"OC_2015_FRTB","population_2015"
"OC","FRTB",2090,"OC_2015_FRTB","population_2015"
"OC","FRTB",2100,"OC_2015_FRTB","population_2015"
"OC","GRSB",2015,"OC_2015_GRSB","population_2015"
"OC","GRSB",2020,"OC_2015_GRSB","population_2015"
"OC","GRSB",2030,"OC_2015_GRSB","population_2015"
"OC","GRSB",2040,"OC_2015_GRSB","population_2015"
"OC","GRSB",2050,"OC_2015_GRSB","population_2015"
"OC","GRSB",2060,"OC_2015_GRSB","population_2015"
"OC","GRSB",2070,"OC_2015_GRSB","population_2015"
"OC","GRSB",2080,"OC_2015_GRSB","population_2015"
"OC","GRSB",2090,"OC_2015_GRSB","population_2015"
"OC","GRSB",2100,"OC_2015_GRSB","population_2015"
"OC","PEAT",2015,"OC_2015_PEAT","population_2015"
"OC","PEAT",2020,"OC_2015_PEAT","population_2015"
"OC","PEAT",2030,"OC_2015_PEAT","population_2015"
"OC","PEAT",2040,"OC_2015_PEAT","population_2015"
"OC","PEAT",2050,"OC_2015_PEAT","population_2015"
"OC","PEAT",2060,"OC_2015_PEAT","population_2015"
"OC","PEAT",2070,"OC_2015_PEAT","population_2015"
"OC","PEAT",2080,"OC_2015_PEAT","population_2015"
"OC","PEAT",2090,"OC_2015_PEAT","population_2015"
"OC","PEAT",2100,"OC_2015_PEAT","population_2015"
"OC","IND",2015,"OC_2015_IND","population_2015"
"OC","IND",2020,"OC_2015_IND","population_2015"
"OC","IND",2030,"OC_2015_IND","population_2015"
"OC","IND",2040,"OC_2015_IND","population_2015"
"OC","IND",2050,"OC_2015_IND","population_2015"
"OC","IND",2060,"OC_2015_IND","population_2015"
"OC","IND",2070,"OC_2015_IND","population_2015"
"OC","IND",2080,"OC_2015_IND","population_2015"
"OC","IND",2090,"OC_2015_IND","population_2015"
"OC","IND",2100,"OC_2015_IND","population_2015"
"OC","RCO",2015,"OC_2015_RCO","population_2015"
"OC","RCO",2020,"OC_2015_RCO","population_2015"
"OC","RCO",2030,"OC_2015_RCO","population_2015"
"OC","RCO",2040,"OC_2015_RCO","population_2015"
"OC","RCO",2050,"OC_2015_RCO","population_2015"
"OC","RCO",2060,"OC_2015_RCO","population_2015"
"OC","RCO",2070,"OC_2015_RCO","population_2015"
"OC","RCO",2080,"OC_2015_RCO","population_2015"
"OC","RCO",2090,"OC_2015_RCO","population_2015"
"OC","RCO",2100,"OC_2015_RCO","population_2015"
"OC","AIR",2015,"OC_2015_AIR","population_2015"
"OC","AIR",2020,"OC_2015_AIR","population_2015"
"OC","AIR",2030,"OC_2015_AIR","population_2015"
"OC","AIR",2040,"OC_2015_AIR","population_2015"
"OC","AIR",2050,"OC_2015_AIR","population_2015"
"OC","AIR",2060,"OC_2015_AIR","population_2015"
"OC","AIR",2070,"OC_2015_AIR","population_2015"
"OC","AIR",2080,"OC_2015_AIR","population_2015"
"OC","AIR",2090,"OC_2015_AIR","population_2015"
"OC","AIR",2100,"OC_2015_AIR","population_2015"
"OC","TRA",2015,"OC_2015_TRA","population_2015"
"OC","TRA",2020,"OC_2015_TRA","population_2015"
"OC","TRA",2030,"OC_2015_TRA","population_2015"
"OC","TRA",2040,"OC_2015_TRA","population_2015"
"OC","TRA",2050,"OC_2015_TRA","population_2015"
"OC","TRA",2060,"OC_2015_TRA","population_2015"
"OC","TRA",2070,"OC_2015_TRA","population_2015"
"OC","TRA",2080,"OC_2015_TRA","population_2015"
"OC","TRA",2090,"OC_2015_TRA","population_2015"
"OC","TRA",2100,"OC_2015_TRA","population_2015"
"OC","SHP",2015,"OC_2015_SHP","population_2015"
"OC","SHP",2020,"OC_2020_SHP","population_2015"
"OC","SHP",2030,"OC_2030_SHP","population_2015"
"OC","SHP",2040,"OC_2040_SHP","population_2015"
"OC","SHP",2050,"OC_2050_SHP","population_2015"
"OC","SHP",2060,"OC_2050_SHP","population_2015"
"OC","SHP",2070,"OC_2050_SHP","population_2015"
"OC","SHP",2080,"OC_2050_SHP","population_2015"
"OC","SHP",2090,"OC_2050_SHP","population_2015"
"OC","SHP",2100,"OC_2050_SHP","population_2015"
"OC","ENE",2015,"OC_2015_ENE","population_2015"
"OC","ENE",2020,"OC_2015_ENE","population_2015"
"OC","ENE",2030,"OC_2015_ENE","population_2015"
"OC","ENE",2040,"OC_2015_ENE","population_2015"
"OC","ENE",2050,"OC_2015_ENE","population_2015"
"OC","ENE",2060,"OC_2015_ENE","population_2015"
"OC","ENE",2070,"OC_2015_ENE","population_2015"
"OC","ENE",2080,"OC_2015_ENE","population_2015"
"OC","ENE",2090,"OC_2015_ENE","population_2015"
"OC","ENE",2100,"OC_2015_ENE","population_2015"
"OC","SLV",2015,"OC_2015_SLV","population_2015"
"OC","SLV",2020,"OC_2015_SLV","population_2015"
"OC","SLV",2030,"OC_2015_SLV","population_2015"
"OC","SLV",2040,"OC_2015_SLV","population_2015"
"OC","SLV",2050,"OC_2015_SLV","population_2015"
"OC","SLV",2060,"OC_2015_SLV","population_2015"
"OC","SLV",2070,"OC_2015_SLV","population_2015"
"OC","SLV",2080,"OC_2015_SLV","population_2015"
"OC","SLV",2090,"OC_2015_SLV","population_2015"
"OC","SLV",2100,"OC_2015_SLV","population_2015"
"OC","WST",2015,"population_2015","population_2015"
"OC","WST",2020,"population_2015","population_2015"
"OC","WST",2030,"population_2015","population_2015"
"OC","WST",2040,"population_2015","population_2015"
"OC","WST",2050,"population_2015","population_2015"
"OC","WST",2060,"population_2015","population_2015"
"OC","WST",2070,"population_2015","population_2015"
"OC","WST",2080,"population_2015","population_2015"
"OC","WST",2090,"population_2015","population_2015"
"OC","WST",2100,"population_2015","population_2015"
"VOC","AGR",2015,"VOC_2015_AGR","population_2015"
"VOC","AGR",2020,"VOC_2015_AGR","population_2015"
"VOC","AGR",2030,"VOC_2015_AGR","population_2015"
"VOC","AGR",2040,"VOC_2015_AGR","population_2015"
"VOC","AGR",2050,"VOC_2015_AGR","population_2015"
"VOC","AGR",2060,"VOC_2015_AGR","population_2015"
"VOC","AGR",2070,"VOC_2015_AGR","population_2015"
"VOC","AGR",2080,"VOC_2015_AGR","population_2015"
"VOC","AGR",2090,"VOC_2015_AGR","population_2015"
"VOC","AGR",2100,"VOC_2015_AGR","population_2015"
"VOC","AWB",2015,"VOC_2015_AWB","population_2015"
"VOC","AWB",2020,"VOC_2015_AWB","population_2015"
"VOC","AWB",2030,"VOC_2015_AWB","population_2015"
"VOC","AWB",2040,"VOC_2015_AWB","population_2015"
"VOC","AWB",2050,"VOC_2015_AWB","population_2015"
"VOC","AWB",2060,"VOC_2015_AWB","population_2015"
"VOC","AWB",2070,"VOC_2015_AWB","population_2015"
"VOC","AWB",2080,"VOC_2015_AWB","population_2015"
"VOC","AWB",2090,"VOC_2015_AWB","population_2015"
"VOC","AWB",2100,"VOC_2015_AWB","population_2015"
"VOC","FRTB",2015,"VOC_2015_FRTB","population_2015"
"VOC","FRTB",2020,"VOC_2015_FRTB","population_2015"
"VOC","FRTB",2030,"VOC_2015_FRTB","population_2015"
"VOC","FRTB",2040,"VOC_2015_FRTB","population_2015"
"VOC","FRTB",2050,"VOC_2015_FRTB","population_2015"
"VOC","FRTB",2060,"VOC_2015_FRTB","population_2015"
"VOC","FRTB",2070,"VOC_2015_FRTB","population_2015"
"VOC","FRTB",2080,"VOC_2015_FRTB","population_2015"
"VOC","FRTB",2090,"VOC_2015_FRTB","population_2015"
"VOC","FRTB",2100,"VOC_2015_FRTB","population_2015"
"VOC","GRSB",2015,"VOC_2015_GRSB","population_2015"
"VOC","GRSB",2020,"VOC_2015_GRSB","population_2015"
"VOC","GRSB",2030,"VOC_2015_GRSB","population_2015"
"VOC","GRSB",2040,"VOC_2015_GRSB","population_2015"
"VOC","GRSB",2050,"VOC_2015_GRSB","population_2015"
"VOC","GRSB",2060,"VOC_2015_GRSB","population_2015"
"VOC","GRSB",2070,"VOC_2015_GRSB","population_2015"
"VOC","GRSB",2080,"VOC_2015_GRSB","population_2015"
"VOC","GRSB",2090,"VOC_2015_GRSB","population_2015"
"VOC","GRSB",2100,"VOC_2015_GRSB","population_2015"
"VOC","PEAT",2015,"VOC_2015_PEAT","population_2015"
"VOC","PEAT",2020,"VOC_2015_PEAT","population_2015"
"VOC","PEAT",2030,"VOC_2015_PEAT","population_2015"
"VOC","PEAT",2040,"VOC_2015_PEAT","population_2015"
"VOC","PEAT",2050,"VOC_2015_PEAT","population_2015"
"VOC","PEAT",2060,"VOC_2015_PEAT","population_2015"
"VOC","PEAT",2070,"VOC_2015_PEAT","population_2015"
"VOC","PEAT",2080,"VOC_2015_PEAT","population_2015"
"VOC","PEAT",2090,"VOC_2015_PEAT","population_2015"
"VOC","PEAT",2100,"VOC_2015_PEAT","population_2015"
"VOC","IND",2015,"VOC_2015_IND","population_2015"
"VOC","IND",2020,"VOC_2015_IND","population_2015"
"VOC","IND",2030,"VOC_2015_IND","population_2015"
"VOC","IND",2040,"VOC_2015_IND","population_2015"
"VOC","IND",2050,"VOC_2015_IND","population_2015"
"VOC","IND",2060,"VOC_2015_IND","population_2015"
"VOC","IND",2070,"VOC_2015_IND","population_2015"
"VOC","IND",2080,"VOC_2015_IND","population_2015"
"VOC","IND",2090,"VOC_2015_IND","population_2015"
"VOC","IND",2100,"VOC_2015_IND","population_2015"
"VOC","RCO",2015,"VOC_2015_RCO","population_2015"
"VOC","RCO",2020,"VOC_2015_RCO","population_2015"
"VOC","RCO",2030,"VOC_2015_RCO","population_2015"
"VOC","RCO",2040,"VOC_2015_RCO","population_2015"
"VOC","RCO",2050,"VOC_2015_RCO","population_2015"
"VOC","RCO",2060,"VOC_2015_RCO","population_2015"
"VOC","RCO",2070,"VOC_2015_RCO","population_2015"
"VOC","RCO",2080,"VOC_2015_RCO","population_2015"
"VOC","RCO",2090,"VOC_2015_RCO","population_2015"
"VOC","RCO",2100,"VOC_2015_RCO","population_2015"
"VOC","AIR",2015,"VOC_2015_AIR","population_2015"
"VOC","AIR",2020,"VOC_2015_AIR","population_2015"
"VOC","AIR",2030,"VOC_2015_AIR","population_2015"
"VOC","AIR",2040,"VOC_2015_AIR","population_2015"
"VOC","AIR",2050,"VOC_2015_AIR","population_2015"
"VOC","AIR",2060,"VOC_2015_AIR","population_2015"
"VOC","AIR",2070,"VOC_2015_AIR","population_2015"
"VOC","AIR",2080,"VOC_2015_AIR","population_2015"
"VOC","AIR",2090,"VOC_2015_AIR","population_2015"
"VOC","AIR",2100,"VOC_2015_AIR","population_2015"
"VOC","TRA",2015,"VOC_2015_TRA","population_2015"
"VOC","TRA",2020,"VOC_2015_TRA","population_2015"
"VOC","TRA",2030,"VOC_2015_TRA","population_2015"
"VOC","TRA",2040,"VOC_2015_TRA","population_2015"
"VOC","TRA",2050,"VOC_2015_TRA","population_2015"
"VOC","TRA",2060,"VOC_2015_TRA","population_2015"
"VOC","TRA",2070,"VOC_2015_TRA","population_2015"
"VOC","TRA",2080,"VOC_2015_TRA","population_2015"
"VOC","TRA",2090,"VOC_2015_TRA","population_2015"
"VOC","TRA",2100,"VOC_2015_TRA","population_2015"
"VOC","SHP",2015,"VOC_2015_SHP","population_2015"
"VOC","SHP",2020,"VOC_2020_SHP","population_2015"
"VOC","SHP",2030,"VOC_2030_SHP","population_2015"
"VOC","SHP",2040,"VOC_2040_SHP","population_2015"
"VOC","SHP",2050,"VOC_2050_SHP","population_2015"
"VOC","SHP",2060,"VOC_2050_SHP","population_2015"
"VOC","SHP",2070,"VOC_2050_SHP","population_2015"
"VOC","SHP",2080,"VOC_2050_SHP","population_2015"
"VOC","SHP",2090,"VOC_2050_SHP","population_2015"
"VOC","SHP",2100,"VOC_2050_SHP","population_2015"
"VOC","ENE",2015,"VOC_2015_ENE","population_2015"
"VOC","ENE",2020,"VOC_2015_ENE","population_2015"
"VOC","ENE",2030,"VOC_2015_ENE","population_2015"
"VOC","ENE",2040,"VOC_2015_ENE","population_2015"
"VOC","ENE",2050,"VOC_2015_ENE","population_2015"
"VOC","ENE",2060,"VOC_2015_ENE","population_2015"
"VOC","ENE",2070,"VOC_2015_ENE","population_2015"
"VOC","ENE",2080,"VOC_2015_ENE","population_2015"
"VOC","ENE",2090,"VOC_2015_ENE","population_2015"
"VOC","ENE",2100,"VOC_2015_ENE","population_2015"
"VOC","SLV",2015,"VOC_2015_SLV","population_2015"
"VOC","SLV",2020,"VOC_2015_SLV","population_2015"
"VOC","SLV",2030,"VOC_2015_SLV","population_2015"
"VOC","SLV",2040,"VOC_2015_SLV","population_2015"
"VOC","SLV",2050,"VOC_2015_SLV","population_2015"
"VOC","SLV",2060,"VOC_2015_SLV","population_2015"
"VOC","SLV",2070,"VOC_2015_SLV","population_2015"
"VOC","SLV",2080,"VOC_2015_SLV","population_2015"
"VOC","SLV",2090,"VOC_2015_SLV","population_2015"
"VOC","SLV",2100,"VOC_2015_SLV","population_2015"
"VOC","WST",2015,"population_2015","population_2015"
"VOC","WST",2020,"population_2015","population_2015"
"VOC","WST",2030,"population_2015","population_2015"
"VOC","WST",2040,"population_2015","population_2015"
"VOC","WST",2050,"population_2015","population_2015"
"VOC","WST",2060,"population_2015","population_2015"
"VOC","WST",2070,"population_2015","population_2015"
"VOC","WST",2080,"population_2015","population_2015"
"VOC","WST",2090,"population_2015","population_2015"
"VOC","WST",2100,"population_2015","population_2015"
"Sulfur","AGR",2015,"Sulfur_2015_AGR","population_2015"
"Sulfur","AGR",2020,"Sulfur_2015_AGR","population_2015"
"Sulfur","AGR",2030,"Sulfur_2015_AGR","population_2015"
"Sulfur","AGR",2040,"Sulfur_2015_AGR","population_2015"
"Sulfur","AGR",2050,"Sulfur_2015_AGR","population_2015"
"Sulfur","AGR",2060,"Sulfur_2015_AGR","population_2015"
"Sulfur","AGR",2070,"Sulfur_2015_AGR","population_2015"
"Sulfur","AGR",2080,"Sulfur_2015_AGR","population_2015"
"Sulfur","AGR",2090,"Sulfur_2015_AGR","population_2015"
"Sulfur","AGR",2100,"Sulfur_2015_AGR","population_2015"
"Sulfur","AWB",2015,"Sulfur_2015_AWB","population_2015"
"Sulfur","AWB",2020,"Sulfur_2015_AWB","population_2015"
"Sulfur","AWB",2030,"Sulfur_2015_AWB","population_2015"
"Sulfur","AWB",2040,"Sulfur_2015_AWB","population_2015"
"Sulfur","AWB",2050,"Sulfur_2015_AWB","population_2015"
"Sulfur","AWB",2060,"Sulfur_2015_AWB","population_2015"
"Sulfur","AWB",2070,"Sulfur_2015_AWB","population_2015"
"Sulfur","AWB",2080,"Sulfur_2015_AWB","population_2015"
"Sulfur","AWB",2090,"Sulfur_2015_AWB","population_2015"
"Sulfur","AWB",2100,"Sulfur_2015_AWB","population_2015"
"Sulfur","FRTB",2015,"Sulfur_2015_FRTB","population_2015"
"Sulfur","FRTB",2020,"Sulfur_2015_FRTB","population_2015"
"Sulfur","FRTB",2030,"Sulfur_2015_FRTB","population_2015"
"Sulfur","FRTB",2040,"Sulfur_2015_FRTB","population_2015"
"Sulfur","FRTB",2050,"Sulfur_2015_FRTB","population_2015"
"Sulfur","FRTB",2060,"Sulfur_2015_FRTB","population_2015"
"Sulfur","FRTB",2070,"Sulfur_2015_FRTB","population_2015"
"Sulfur","FRTB",2080,"Sulfur_2015_FRTB","population_2015"
"Sulfur","FRTB",2090,"Sulfur_2015_FRTB","population_2015"
"Sulfur","FRTB",2100,"Sulfur_2015_FRTB","population_2015"
"Sulfur","GRSB",2015,"Sulfur_2015_GRSB","population_2015"
"Sulfur","GRSB",2020,"Sulfur_2015_GRSB","population_2015"
"Sulfur","GRSB",2030,"Sulfur_2015_GRSB","population_2015"
"Sulfur","GRSB",2040,"Sulfur_2015_GRSB","population_2015"
"Sulfur","GRSB",2050,"Sulfur_2015_GRSB","population_2015"
"Sulfur","GRSB",2060,"Sulfur_2015_GRSB","population_2015"
"Sulfur","GRSB",2070,"Sulfur_2015_GRSB","population_2015"
"Sulfur","GRSB",2080,"Sulfur_2015_GRSB","population_2015"
"Sulfur","GRSB",2090,"Sulfur_2015_GRSB","population_2015"
"Sulfur","GRSB",2100,"Sulfur_2015_GRSB","population_2015"
"Sulfur","PEAT",2015,"Sulfur_2015_PEAT","population_2015"
"Sulfur","PEAT",2020,"Sulfur_2015_PEAT","population_2015"
"Sulfur","PEAT",2030,"Sulfur_2015_PEAT","population_2015"
"Sulfur","PEAT",2040,"Sulfur_2015_PEAT","population_2015"
"Sulfur","PEAT",2050,"Sulfur_2015_PEAT","population_2015"
"Sulfur","PEAT",2060,"Sulfur_2015_PEAT","population_2015"
"Sulfur","PEAT",2070,"Sulfur_2015_PEAT","population_2015"
"Sulfur","PEAT",2080,"Sulfur_2015_PEAT","population_2015"
"Sulfur","PEAT",2090,"Sulfur_2015_PEAT","population_2015"
"Sulfur","PEAT",2100,"Sulfur_2015_PEAT","population_2015"
"Sulfur","IND",2015,"Sulfur_2015_IND","population_2015"
"Sulfur","IND",2020,"Sulfur_2015_IND","population_2015"
"Sulfur","IND",2030,"Sulfur_2015_IND","population_2015"
"Sulfur","IND",2040,"Sulfur_2015_IND","population_2015"
"Sulfur","IND",2050,"Sulfur_2015_IND","population_2015"
"Sulfur","IND",2060,"Sulfur_2015_IND","population_2015"
"Sulfur","IND",2070,"Sulfur_2015_IND","population_2015"
"Sulfur","IND",2080,"Sulfur_2015_IND","population_2015"
"Sulfur","IND",2090,"Sulfur_2015_IND","population_2015"
"Sulfur","IND",2100,"Sulfur_2015_IND","population_2015"
"Sulfur","RCO",2015,"Sulfur_2015_RCO","population_2015"
"Sulfur","RCO",2020,"Sulfur_2015_RCO","population_2015"
"Sulfur","RCO",2030,"Sulfur_2015_RCO","population_2015"
"Sulfur","RCO",2040,"Sulfur_2015_RCO","population_2015"
"Sulfur","RCO",2050,"Sulfur_2015_RCO","population_2015"
"Sulfur","RCO",2060,"Sulfur_2015_RCO","population_2015"
"Sulfur","RCO",2070,"Sulfur_2015_RCO","population_2015"
"Sulfur","RCO",2080,"Sulfur_2015_RCO","population_2015"
"Sulfur","RCO",2090,"Sulfur_2015_RCO","population_2015"
"Sulfur","RCO",2100,"Sulfur_2015_RCO","population_2015"
"Sulfur","AIR",2015,"Sulfur_2015_AIR","population_2015"
"Sulfur","AIR",2020,"Sulfur_2015_AIR","population_2015"
"Sulfur","AIR",2030,"Sulfur_2015_AIR","population_2015"
"Sulfur","AIR",2040,"Sulfur_2015_AIR","population_2015"
"Sulfur","AIR",2050,"Sulfur_2015_AIR","population_2015"
"Sulfur","AIR",2060,"Sulfur_2015_AIR","population_2015"
"Sulfur","AIR",2070,"Sulfur_2015_AIR","population_2015"
"Sulfur","AIR",2080,"Sulfur_2015_AIR","population_2015"
"Sulfur","AIR",2090,"Sulfur_2015_AIR","population_2015"
"Sulfur","AIR",2100,"Sulfur_2015_AIR","population_2015"
"Sulfur","TRA",2015,"Sulfur_2015_TRA","population_2015"
"Sulfur","TRA",2020,"Sulfur_2015_TRA","population_2015"
"Sulfur","TRA",2030,"Sulfur_2015_TRA","population_2015"
"Sulfur","TRA",2040,"Sulfur_2015_TRA","population_2015"
"Sulfur","TRA",2050,"Sulfur_2015_TRA","population_2015"
"Sulfur","TRA",2060,"Sulfur_2015_TRA","population_2015"
"Sulfur","TRA",2070,"Sulfur_2015_TRA","population_2015"
"Sulfur","TRA",2080,"Sulfur_2015_TRA","population_2015"
"Sulfur","TRA",2090,"Sulfur_2015_TRA","population_2015"
"Sulfur","TRA",2100,"Sulfur_2015_TRA","population_2015"
"Sulfur","SHP",2015,"Sulfur_2015_SHP","population_2015"
"Sulfur","SHP",2020,"Sulfur_2020_SHP","population_2015"
"Sulfur","SHP",2030,"Sulfur_2030_SHP","population_2015"
"Sulfur","SHP",2040,"Sulfur_2040_SHP","population_2015"
"Sulfur","SHP",2050,"Sulfur_2050_SHP","population_2015"
"Sulfur","SHP",2060,"Sulfur_2050_SHP","population_2015"
"Sulfur","SHP",2070,"Sulfur_2050_SHP","population_2015"
"Sulfur","SHP",2080,"Sulfur_2050_SHP","population_2015"
"Sulfur","SHP",2090,"Sulfur_2050_SHP","population_2015"
"Sulfur","SHP",2100,"Sulfur_2050_SHP","population_2015"
"Sulfur","ENE",2015,"Sulfur_2015_ENE","population_2015"
"Sulfur","ENE",2020,"Sulfur_2015_ENE","population_2015"
"Sulfur","ENE",2030,"Sulfur_2015_ENE","population_2015"
"Sulfur","ENE",2040,"Sulfur_2015_ENE","population_2015"
"Sulfur","ENE",2050,"Sulfur_2015_ENE","population_2015"
"Sulfur","ENE",2060,"Sulfur_2015_ENE","population_2015"
"Sulfur","ENE",2070,"Sulfur_2015_ENE","population_2015"
"Sulfur","ENE",2080,"Sulfur_2015_ENE","population_2015"
"Sulfur","ENE",2090,"Sulfur_2015_ENE","population_2015"
"Sulfur","ENE",2100,"Sulfur_2015_ENE","population_2015"
"Sulfur","SLV",2015,"Sulfur_2015_SLV","population_2015"
"Sulfur","SLV",2020,"Sulfur_2015_SLV","population_2015"
"Sulfur","SLV",2030,"Sulfur_2015_SLV","population_2015"
"Sulfur","SLV",2040,"Sulfur_2015_SLV","population_2015"
"Sulfur","SLV",2050,"Sulfur_2015_SLV","population_2015"
"Sulfur","SLV",2060,"Sulfur_2015_SLV","population_2015"
"Sulfur","SLV",2070,"Sulfur_2015_SLV","population_2015"
"Sulfur","SLV",2080,"Sulfur_2015_SLV","population_2015"
"Sulfur","SLV",2090,"Sulfur_2015_SLV","population_2015"
"Sulfur","SLV",2100,"Sulfur_2015_SLV","population_2015"
"Sulfur","WST",2015,"population_2015","population_2015"
"Sulfur","WST",2020,"population_2015","population_2015"
"Sulfur","WST",2030,"population_2015","population_2015"
"Sulfur","WST",2040,"population_2015","population_2015"
"Sulfur","WST",2050,"population_2015","population_2015"
"Sulfur","WST",2060,"population_2015","population_2015"
"Sulfur","WST",2070,"population_2015","population_2015"
"Sulfur","WST",2080,"population_2015","population_2015"
"Sulfur","WST",2090,"population_2015","population_2015"
"Sulfur","WST",2100,"population_2015","population_2015"
